resnet50_lr1e-3 fold_0;1.2371951341629028;0.8852431178092957;0.7758334279060364;0.7125508189201355;0.6661290526390076;0.6229221224784851;0.5978948473930359;0.5729309916496277;0.5510649085044861;0.5246719717979431;0.5107712149620056;0.4962579607963562
resnet50_lr1e-3 fold_1;1.2748916149139404;0.8928747773170471;0.7924814224243164;0.7205772995948792;0.6762566566467285;0.6342275738716125;0.5998535752296448;0.5747486352920532;0.5538445711135864;0.5326586365699768;0.5144938230514526;0.4991111159324646;0.4811500906944275;0.46719515323638916;0.4562332034111023;0.45040363073349;0.4355321526527405;0.42541247606277466;0.4150746166706085;0.40649911761283875;0.39987149834632874
resnet50_lr1e-3 fold_2;1.1998192071914673;0.866106390953064;0.7668741345405579;0.7012483477592468;0.653530478477478;0.6171689033508301;0.5827637910842896;0.5569592714309692;0.536173403263092;0.515434205532074;0.49508383870124817;0.4806594252586365;0.46498504281044006;0.45309725403785706;0.4417063295841217;0.4294964373111725;0.4167914390563965;0.4080078899860382;0.396807461977005
resnet50_lr1e-3 fold_3;1.2234631776809692;0.8430722951889038;0.7367593050003052;0.6738947629928589;0.6196672916412354;0.5858640074729919;0.557194709777832;0.5274571180343628;0.5064840316772461;0.4857542812824249;0.465646892786026;0.4539024233818054;0.43715783953666687;0.4225651025772095;0.4105542004108429;0.3992311656475067;0.3880424201488495;0.37975555658340454
resnet50_lr1e-3 fold_4;1.2435643672943115;0.8491784334182739;0.7391707897186279;0.6703842878341675;0.6259018778800964;0.5820073485374451;0.5518292784690857;0.5240009427070618;0.5022681951522827;0.47964024543762207;0.4630435109138489;0.4466261863708496;0.432651549577713;0.4179230034351349;0.40487366914749146;0.3949681520462036;0.385600209236145;0.37660107016563416;0.3685021996498108
resnet50_lr1e-4 fold_0;1.8052908182144165;1.4324144124984741;1.2656784057617188;1.1635775566101074;1.0945775508880615;1.0431097745895386;1.00192391872406;0.9687479734420776;0.9389932155609131;0.9147031903266907;0.8924970030784607;0.872981071472168;0.8551961779594421;0.8394920825958252;0.8245326280593872;0.8107125163078308;0.7987385988235474;0.7862206697463989;0.7749168872833252;0.7648904919624329;0.7546291351318359;0.7452068328857422;0.7362774610519409;0.7280591130256653;0.7197315692901611;0.7122379541397095;0.7047631740570068;0.6970431208610535;0.6906023621559143;0.684409499168396;0.6773014068603516;0.6711869835853577;0.6652565002441406;0.6602241396903992;0.6535430550575256;0.6483364105224609;0.6429783701896667;0.6383693218231201;0.6328828930854797;0.6285224556922913;0.6235948801040649;0.6194363236427307;0.6144228577613831;0.6103622913360596;0.6061471104621887;0.6017335653305054;0.5975061058998108;0.5939531326293945;0.5893965363502502;0.5858269929885864;0.5822696089744568;0.578772246837616;0.5756986737251282;0.5715798139572144;0.5684032440185547;0.565268874168396;0.5613399147987366;0.5580238103866577;0.5549807548522949;0.551689863204956;0.5487286448478699;0.5455523133277893;0.5430623292922974;0.5398721098899841;0.5371056199073792;0.534643292427063;0.5313399434089661;0.5285803079605103;0.5262073874473572;0.5229951739311218;0.5202087759971619;0.5175203680992126;0.5155541300773621;0.5131027102470398;0.5111881494522095;0.5080907940864563;0.505763828754425;0.5038876533508301;0.5006927251815796;0.4984656870365143;0.4965501129627228;0.49485087394714355;0.49220478534698486;0.4898328185081482;0.48771584033966064
resnet50_lr1e-4 fold_1;1.9368174076080322;1.483931303024292;1.293031930923462;1.1854569911956787;1.1128900051116943;1.058887004852295;1.016331434249878;0.9811499714851379;0.9513366222381592;0.9260489344596863;0.9033238887786865;0.8832947611808777;0.8647335767745972;0.8477692008018494;0.8325086236000061;0.8193888664245605;0.8053310513496399;0.7929781675338745;0.7819270491600037;0.7716491222381592;0.760258138179779;0.750866174697876;0.7414805889129639;0.733323335647583;0.7251360416412354;0.7168269157409668;0.7084416747093201;0.7014027833938599;0.6950764060020447;0.6875726580619812;0.681524395942688;0.6749866008758545;0.6687529683113098;0.6627524495124817;0.6573074460029602;0.6523627042770386;0.6463860869407654;0.6407604813575745;0.6360998749732971;0.6303914189338684;0.6258458495140076;0.6211677193641663;0.6162561178207397;0.6117601990699768;0.6077142953872681;0.6036953330039978;0.5991761088371277;0.5958991050720215;0.5913910865783691;0.5871742963790894;0.5837113261222839;0.5803101062774658;0.5761806964874268;0.5729293823242188;0.5693142414093018;0.5662034749984741
resnet50_lr1e-4 fold_2;1.8415803909301758;1.4191738367080688;1.242173194885254;1.1415499448776245;1.0737963914871216;1.0237314701080322;0.9847128391265869;0.9523196220397949;0.9244142770767212;0.9009836912155151;0.8799055814743042;0.8604606986045837;0.8430936932563782;0.8276152014732361;0.8133992552757263;0.7993229627609253;0.7869344353675842;0.776037335395813;0.7640085220336914;0.7533495426177979;0.7440182566642761;0.7341316938400269;0.725432276725769;0.7167713046073914;0.7087658047676086;0.7014236450195312;0.6936497688293457;0.6861693859100342;0.6789754033088684;0.673060953617096;0.666417121887207;0.6599903702735901;0.6537891030311584;0.647240161895752;0.6418567299842834;0.6365154385566711;0.6315259337425232;0.6263397932052612;0.6204037666320801;0.6157784461975098;0.611467719078064;0.6068393588066101;0.6015353202819824;0.5978456139564514;0.5931333899497986;0.5893107652664185;0.5847855806350708;0.5809430480003357;0.5772234797477722;0.5730344653129578;0.5687196254730225;0.5653330683708191;0.5615853071212769;0.5580060482025146
resnet50_lr1e-4 fold_3;2.19956374168396;1.5497801303863525;1.3178160190582275;1.191943645477295;1.1097242832183838;1.0488468408584595;1.0020270347595215;0.9638155102729797;0.9310391545295715;0.9036855697631836;0.8788970112800598;0.8576639294624329;0.8386586904525757;0.8206415772438049;0.8050174713134766;0.7894080877304077;0.7758362293243408;0.7641911506652832;0.7509855031967163;0.7394643425941467;0.7287624478340149;0.7183554768562317;0.7091725468635559;0.6997589468955994;0.6913368701934814;0.68243408203125;0.674900233745575;0.6672655940055847;0.6598488688468933;0.6521539092063904;0.6455511450767517;0.6395360827445984;0.6324288845062256;0.6268883943557739;0.6210551261901855;0.614145815372467;0.6086885929107666;0.6034684777259827;0.5978905558586121;0.5932744741439819;0.5879278779029846;0.5828052759170532;0.5779238939285278;0.5738570094108582;0.5691664814949036;0.5645437240600586
resnet50_lr1e-4 fold_4;1.9341139793395996;1.4381715059280396;1.2522289752960205;1.1466052532196045;1.075793743133545;1.0211098194122314;0.9780985713005066;0.9418569803237915;0.9120537042617798;0.8848731517791748;0.861794114112854;0.8424031138420105;0.8220624923706055;0.8051680326461792;0.7893924117088318;0.7746094465255737;0.7614778876304626;0.7493383288383484;0.7374488711357117;0.7260779142379761;0.7157282829284668;0.7058247327804565;0.6964300870895386;0.6874011754989624;0.6792221069335938;0.6708791851997375;0.6627647280693054;0.6558277010917664;0.6491061449050903;0.6411974430084229;0.6344901919364929;0.6286624670028687;0.6219934225082397;0.6159401535987854;0.6105769276618958;0.604397177696228;0.5992163419723511;0.5939036011695862;0.5881010293960571;0.5836222767829895;0.5782554745674133;0.5741828680038452;0.5687958598136902;0.564638614654541;0.5598495006561279;0.5559758543968201;0.5521961450576782;0.5475466847419739;0.5438629388809204;0.5397707223892212;0.5359376668930054;0.532331645488739;0.5287339687347412;0.5248910784721375;0.5213419198989868;0.5185849070549011;0.5146783590316772;0.511055588722229;0.5077117681503296;0.5047542452812195;0.5012165904045105;0.4985044002532959;0.49519574642181396;0.4921727776527405
resnet50_conv5_Trainable_lr1e-3 fold_0;0.7625890970230103;0.32504647970199585;0.19634103775024414;0.10846304148435593;0.05416090786457062;0.0397818423807621;0.04689040407538414;0.0382516123354435;0.0315263457596302
resnet50_conv5_Trainable_lr1e-3 fold_1;0.7558985948562622;0.34042203426361084;0.18466854095458984;0.10891178995370865;0.06623771786689758;0.0403810478746891;0.048107560724020004;0.030623333528637886;0.021178126335144043;0.005035620182752609;0.01286835316568613;0.027573559433221817;0.03596564009785652;0.03443903848528862;0.023168202489614487
resnet50_conv5_Trainable_lr1e-3 fold_2;0.7413151264190674;0.33768123388290405;0.17852440476417542;0.11451014131307602;0.06424694508314133;0.05459044873714447;0.019630640745162964;0.02438819780945778;0.04282151907682419;0.05786450207233429;0.03097207471728325;0.012133817188441753;0.008366876281797886;0.00385109125636518;0.01063595712184906;0.022294413298368454;0.04317133128643036;0.07658803462982178
resnet50_conv5_Trainable_lr1e-3 fold_3;0.7073097825050354;0.29202800989151;0.15786106884479523;0.07888694852590561;0.06265559047460556;0.0401020385324955;0.027502164244651794;0.03270380198955536
resnet50_conv5_Trainable_lr1e-3 fold_4;0.7154361605644226;0.28782686591148376;0.14576658606529236;0.09317503124475479;0.054473232477903366;0.031609565019607544;0.03763381764292717
resnet50_conv5_Trainable_lr1e-4 fold_0;0.7802605628967285;0.18041570484638214;0.043137725442647934;0.013009414076805115;0.004747447557747364;0.0037058184389024973;0.002267841249704361;0.001593935303390026;0.000849494244903326;0.0005377779016271234
resnet50_conv5_Trainable_lr1e-4 fold_1;0.7582846283912659;0.18571887910366058;0.04408673569560051;0.012040648609399796;0.004336342681199312;0.004370091017335653;0.0015583097701892257;0.0007744923932477832
resnet50_conv5_Trainable_lr1e-4 fold_2;0.7564724087715149;0.17293207347393036;0.04064248874783516;0.01009511761367321;0.011250545270740986;0.003687123069539666;0.0012301317183300853;0.0008348047267645597
resnet50_conv5_Trainable_lr1e-4 fold_3;0.7323175668716431;0.15947584807872772;0.03659508377313614;0.009939637966454029;0.003935507498681545;0.0021409187465906143;0.001247638720087707;0.0007714249659329653;0.0005437574000097811
resnet50_conv5_Trainable_lr1e-4 fold_4;0.7289939522743225;0.15178364515304565;0.037061434239149094;0.009189189411699772;0.00541283842176199;0.004386578220874071;0.002193763852119446;0.0008915668586269021;0.0006727911531925201;0.0005440099048428237
resnet50_conv5_Trainable_lr1e-5 fold_0;1.4731897115707397;0.8649263381958008;0.629194438457489;0.47700801491737366;0.35992905497550964;0.2693341374397278;0.1988936960697174;0.1444346308708191;0.10109615325927734;0.07173644006252289;0.05008285865187645;0.03672210872173309;0.02706507220864296;0.02063491940498352;0.01563403010368347;0.012116714380681515
resnet50_conv5_Trainable_lr1e-5 fold_1;1.5077365636825562;0.8687690496444702;0.634183406829834;0.4807635545730591;0.3639090359210968;0.2741553783416748;0.2039945423603058;0.1459568589925766;0.10325875133275986;0.07372724264860153;0.05118154361844063;0.037358127534389496;0.027267245575785637;0.020446114242076874;0.015759048983454704;0.012177366763353348;0.009907920844852924
resnet50_conv5_Trainable_lr1e-5 fold_2;1.4451732635498047;0.8417558073997498;0.6179918050765991;0.467307448387146;0.35702353715896606;0.26839879155158997;0.19723929464817047;0.1438906043767929;0.10183680802583694;0.07209629565477371;0.0512642040848732;0.036579228937625885;0.02675730548799038;0.02133706957101822;0.016068877652287483;0.012358471751213074
resnet50_conv5_Trainable_lr1e-5 fold_3;1.3996074199676514;0.8085941076278687;0.5732939839363098;0.42982017993927;0.3198558986186981;0.23650045692920685;0.17274461686611176;0.12438778579235077;0.0867244228720665;0.06068385764956474;0.043731920421123505;0.03153032064437866;0.0230269618332386;0.017913302406668663;0.013845308683812618
resnet50_conv5_Trainable_lr1e-5 fold_4;1.4619590044021606;0.8273752331733704;0.5833806395530701;0.43210336565971375;0.3224521577358246;0.24164895713329315;0.17241422832012177;0.1240340992808342;0.08734586834907532;0.059956710785627365;0.044478729367256165;0.031604476273059845;0.023506425321102142
resnet50_conv5_Trainable_lr1e-6 fold_0;2.142329454421997;1.8808318376541138;1.6821104288101196;1.5281965732574463;1.409026861190796;1.3089262247085571;1.2298945188522339;1.1579420566558838;1.0961625576019287;1.039894938468933;0.99124675989151;0.9471370577812195;0.908509373664856;0.8716373443603516;0.8365252017974854;0.8052231073379517;0.7766397595405579;0.7466400265693665;0.7218616604804993;0.6970864534378052;0.6681646108627319;0.6452973484992981;0.6267788410186768;0.604803740978241;0.5851117372512817;0.5666776299476624;0.5451641082763672;0.5294840931892395;0.5126135349273682;0.49360713362693787;0.47786492109298706;0.4617964029312134;0.44929683208465576;0.4350016713142395;0.4147762060165405;0.40474575757980347;0.3924717307090759;0.37738505005836487;0.36524805426597595;0.34974589943885803;0.33756232261657715;0.3242342472076416;0.3162362575531006;0.30623817443847656;0.2919999659061432;0.2840292751789093;0.27233627438545227;0.26069125533103943;0.252449095249176;0.2399596869945526;0.2314293533563614;0.22766540944576263;0.21374529600143433;0.2059471160173416;0.197601318359375;0.19111819565296173;0.18113090097904205;0.1723896563053131;0.16442744433879852;0.1569259762763977;0.15150295197963715;0.14357642829418182;0.1373865306377411;0.13173694908618927;0.12442699819803238;0.11917798966169357;0.11483906954526901;0.10823588073253632;0.10240297019481659;0.09712979942560196;0.09095928072929382;0.08772478997707367;0.0837080329656601;0.07782032340765;0.07506436109542847;0.07063179463148117;0.06858429312705994;0.06383836269378662;0.059059858322143555;0.05732468515634537;0.05387982353568077;0.04994324967265129;0.04813357815146446;0.04531165584921837;0.041121989488601685;0.040409062057733536;0.03712072968482971;0.03508402034640312;0.03318236768245697;0.03109682723879814;0.02922966703772545;0.027851171791553497;0.025622742250561714
resnet50_conv5_Trainable_lr1e-6 fold_1;2.254584312438965;1.9332261085510254;1.6999846696853638;1.5267531871795654;1.3980048894882202;1.2968910932540894;1.2129778861999512;1.1418625116348267;1.0791712999343872;1.025787353515625;0.9781991839408875;0.9334357380867004;0.8940914869308472;0.8578193783760071;0.8261505961418152;0.7927404642105103;0.7647133469581604;0.7400630116462708;0.7126301527023315;0.687776505947113;0.6673487424850464;0.6420170068740845;0.6187791228294373;0.6000317335128784;0.5797392725944519;0.5649718642234802;0.544263482093811;0.5279174447059631;0.512704610824585;0.49362969398498535;0.47681573033332825;0.4637525975704193;0.4472199082374573;0.4307871162891388;0.41913363337516785;0.4053207039833069;0.3930463194847107;0.3766162097454071;0.36503666639328003;0.3553060293197632;0.34098848700523376;0.331704318523407;0.3179909586906433;0.30568522214889526;0.29670411348342896;0.2864561676979065;0.2731159031391144;0.26385682821273804;0.2534129321575165;0.24435503780841827;0.23616214096546173;0.22600102424621582;0.21428333222866058;0.2075515240430832;0.19882075488567352;0.19125981628894806;0.1820540577173233;0.17376314103603363;0.16837483644485474;0.16008037328720093;0.15334831178188324;0.14596176147460938;0.1389371007680893;0.13357475399971008;0.1267806738615036;0.11860983818769455;0.11479613184928894;0.10754431039094925;0.10325388610363007;0.10029160976409912;0.09256834536790848;0.08752910792827606;0.08374675363302231;0.07817994058132172;0.07562955468893051;0.0707920640707016;0.06692354381084442;0.06478776782751083;0.06001753732562065;0.05735272169113159;0.05291971191763878;0.05077430233359337;0.047031790018081665;0.045136403292417526;0.04271867498755455;0.040819186717271805;0.03865466266870499;0.03614209592342377;0.03350893035531044;0.0311617162078619
resnet50_conv5_Trainable_lr1e-6 fold_2;2.206453800201416;1.9260118007659912;1.7190523147583008;1.5545580387115479;1.425917387008667;1.3224374055862427;1.2332783937454224;1.1577177047729492;1.0894691944122314;1.0325863361358643;0.9829285144805908;0.9357578754425049;0.8942877650260925;0.8574971556663513;0.8196510672569275;0.7899924516677856;0.7588869333267212;0.7299241423606873;0.7031930088996887;0.6790730357170105;0.6549721360206604;0.6319624185562134;0.6120521426200867;0.5919042229652405;0.5675793886184692;0.5536726117134094;0.5323594808578491;0.5177937746047974;0.4984363913536072;0.4822750985622406;0.4671960473060608;0.4491100311279297;0.4353363513946533;0.4202471375465393;0.40735676884651184;0.3924481272697449;0.3775827884674072;0.36648696660995483;0.35403862595558167;0.34172147512435913;0.3316851556301117;0.31918036937713623;0.30441683530807495;0.29365065693855286;0.2832430899143219;0.27382713556289673;0.2621748149394989;0.25342074036598206;0.2431403249502182;0.23071040213108063;0.22668488323688507;0.21507233381271362;0.20574021339416504;0.19758263230323792;0.19061464071273804;0.18106809258460999;0.17279665172100067;0.1651555895805359;0.1555824726819992;0.15193644165992737;0.14442643523216248;0.13793610036373138;0.13093124330043793;0.1239432841539383;0.11835482716560364;0.11259854584932327;0.10800867527723312;0.09962054342031479;0.09629372507333755;0.09046366065740585;0.08740255236625671;0.08309415727853775;0.07873977720737457;0.07325465977191925;0.06972327083349228;0.06562065333127975;0.06195778399705887;0.0574088953435421;0.05674150958657265;0.05245095491409302;0.04902162775397301;0.046584416180849075;0.04395361244678497;0.04095477983355522;0.038490165024995804;0.03674759715795517
resnet50_conv5_Trainable_lr1e-6 fold_3;2.2998056411743164;1.997215747833252;1.7674791812896729;1.5897992849349976;1.4449766874313354;1.329571008682251;1.2349289655685425;1.1541410684585571;1.0841115713119507;1.0259393453598022;0.9702329039573669;0.9208131432533264;0.878312885761261;0.840124249458313;0.8049169182777405;0.7704970836639404;0.7411317229270935;0.7124394178390503;0.6835814714431763;0.6588221788406372;0.6351510286331177;0.6155748963356018;0.5884619951248169;0.5690205693244934;0.5470032095909119;0.528499960899353;0.5138730406761169;0.4947001338005066;0.4782811403274536;0.45845410227775574;0.445510596036911;0.42970043420791626;0.41464564204216003;0.3989900052547455;0.3834507465362549;0.3708631098270416;0.3575514853000641;0.3430016338825226;0.33005303144454956;0.3179800808429718;0.3094698488712311;0.29408204555511475;0.28255265951156616;0.2736515998840332;0.2627008855342865;0.24890944361686707;0.24075590074062347;0.23233184218406677;0.22549627721309662;0.21527238190174103;0.20314167439937592;0.19460423290729523;0.1874387413263321;0.18035581707954407;0.1722046583890915;0.16494663059711456;0.15667717158794403;0.14888137578964233;0.1417921632528305;0.1380269080400467;0.129888653755188;0.12478330731391907;0.11736943572759628;0.11102941632270813;0.10563556104898453;0.10064609348773956;0.09558075666427612;0.0897892564535141
resnet50_conv5_Trainable_lr1e-6 fold_4;2.1971371173858643;1.902564525604248;1.6812405586242676;1.515320897102356;1.3876761198043823;1.2874003648757935;1.20277738571167;1.1303492784500122;1.065847396850586;1.0079418420791626;0.9572886228561401;0.9094806909561157;0.867976725101471;0.8284620046615601;0.7937250137329102;0.7609560489654541;0.728040874004364;0.7002779841423035;0.6752573847770691;0.64968341588974;0.6224806904792786;0.5990113019943237;0.5796964764595032;0.5584506392478943;0.5355119705200195;0.5174275636672974;0.49694588780403137;0.48350849747657776;0.4658474028110504;0.4479844272136688;0.4305616617202759;0.4141664206981659;0.4010986089706421;0.3862259089946747;0.3720763921737671;0.3571031391620636;0.3449892997741699;0.33208900690078735;0.3172130882740021;0.3064925968647003;0.2934599220752716;0.28340181708335876;0.2741664946079254;0.263668417930603;0.2528470754623413;0.2411096692085266;0.2299613654613495;0.2202196717262268;0.21199651062488556;0.20425249636173248;0.19306345283985138;0.18745021522045135;0.17653007805347443;0.16947543621063232;0.16198667883872986;0.15282590687274933;0.1463247537612915;0.14145557582378387;0.13161301612854004;0.126703143119812;0.12036516517400742;0.1146731823682785;0.10928162187337875;0.10289420187473297;0.09942473471164703;0.09217748790979385;0.08738350123167038
resnet50_conv5_last_block_Trainable_lr1e-4 fold_0;1.0067452192306519;0.4647958278656006;0.25401729345321655;0.13842719793319702;0.0651976689696312;0.032665397971868515;0.01664847694337368;0.009229758754372597;0.006182294338941574;0.004550043027848005;0.0035216757096350193;0.0024572336114943027;0.0018694745376706123
resnet50_conv5_last_block_Trainable_lr1e-4 fold_1;0.9814343452453613;0.4525609016418457;0.25163236260414124;0.12843430042266846;0.06679784506559372;0.03185426816344261;0.015307688154280186;0.009274281561374664;0.005666184239089489;0.004156509414315224;0.0033454871736466885;0.00296517345122993
resnet50_conv5_last_block_Trainable_lr1e-4 fold_2;1.003673791885376;0.45087698101997375;0.24637861549854279;0.13172972202301025;0.06494908034801483;0.03141094744205475;0.01494491845369339;0.008161010220646858;0.005990367382764816;0.004814713727682829
resnet50_conv5_last_block_Trainable_lr1e-4 fold_3;0.9711838364601135;0.41585493087768555;0.2200315147638321;0.11035269498825073;0.05308538302779198;0.02689347229897976;0.013305689208209515;0.008181657642126083;0.005534647963941097
resnet50_conv5_last_block_Trainable_lr1e-4 fold_4;0.9876925349235535;0.4247397482395172;0.21961688995361328;0.11041340976953506;0.05297195911407471;0.026654686778783798;0.014542239718139172;0.008381534367799759
resnet50_conv5_last_block_Trainable_lr1e-5 fold_0;1.8114794492721558;1.3030436038970947;1.0612467527389526;0.9093204140663147;0.7969294190406799;0.7088220715522766;0.6326420307159424;0.5737949013710022;0.523800253868103;0.4764742851257324;0.43523502349853516;0.3982434868812561;0.36060085892677307;0.3306039869785309;0.3037068247795105;0.27590739727020264;0.2494024783372879;0.22989557683467865;0.2047615498304367;0.1856061965227127;0.1684476137161255;0.15104734897613525;0.13511407375335693;0.12032186985015869;0.10855682939291;0.09682264178991318;0.0866258516907692;0.0742739588022232;0.0672154575586319;0.0597522035241127
resnet50_conv5_last_block_Trainable_lr1e-5 fold_1;1.753071904182434;1.262317419052124;1.0368468761444092;0.8917278051376343;0.7830783724784851;0.6977781057357788;0.6308940649032593;0.568709135055542;0.5142700672149658;0.46912601590156555;0.42773008346557617;0.386719673871994;0.35446780920028687;0.32414817810058594;0.2938288152217865;0.26922884583473206;0.24372850358486176;0.22093826532363892;0.20094460248947144;0.18059010803699493;0.1621590107679367;0.14736826717853546;0.1305346041917801;0.11573618650436401;0.10527163743972778;0.09277839213609695;0.08329202979803085;0.07320968061685562;0.06478791683912277;0.05897818133234978;0.05137283354997635;0.04578821361064911;0.04064033180475235;0.03577113524079323;0.03165008872747421;0.02838849276304245;0.02582606114447117
resnet50_conv5_last_block_Trainable_lr1e-5 fold_2;1.768142580986023;1.268629550933838;1.0450901985168457;0.8950524926185608;0.7870946526527405;0.6990906596183777;0.6259021162986755;0.5643360614776611;0.511160671710968;0.46558693051338196;0.4216143786907196;0.3846404254436493;0.35069602727890015;0.31907278299331665;0.28968629240989685;0.26065725088119507;0.24039959907531738;0.21463130414485931;0.19498459994792938;0.17450079321861267;0.15799181163311005;0.14103272557258606;0.1282145380973816;0.1126776784658432;0.1015612930059433;0.09024505317211151;0.08020779490470886;0.07129735499620438;0.06314322352409363;0.055362455546855927;0.04970814660191536;0.04381805658340454;0.03927824646234512;0.03433480113744736;0.030799617990851402;0.027263570576906204
resnet50_conv5_last_block_Trainable_lr1e-5 fold_3;1.7288998365402222;1.2175825834274292;0.9938235878944397;0.846570611000061;0.7442691922187805;0.6622043251991272;0.5952181220054626;0.5350672602653503;0.4862493574619293;0.44095322489738464;0.40163812041282654;0.3646877408027649;0.33057156205177307;0.30068454146385193;0.2708618640899658;0.2458464652299881;0.22291849553585052;0.20074333250522614;0.18096181750297546;0.161544069647789;0.1435820460319519;0.13126854598522186;0.11587849259376526;0.10302809625864029;0.09221203625202179
resnet50_conv5_last_block_Trainable_lr1e-5 fold_4;1.7725484371185303;1.249354362487793;1.0143749713897705;0.8656384944915771;0.7585102319717407;0.6717610359191895;0.6008626222610474;0.5370442867279053;0.48180708289146423;0.43430301547050476;0.3932773172855377;0.35669857263565063;0.32379525899887085;0.2946246266365051;0.26386910676956177;0.2405633181333542;0.21543802320957184;0.19399547576904297;0.17442220449447632;0.1551341712474823;0.1398206502199173;0.12616819143295288;0.11324739456176758;0.09911109507083893;0.08919817954301834;0.07845526933670044
resnet50_conv5_last_block_Trainable_lr1e-6 fold_0;2.1636903285980225;2.025984525680542;1.909749150276184;1.8100380897521973;1.7224504947662354;1.6483168601989746;1.5837233066558838;1.5283013582229614;1.4789669513702393;1.4346445798873901;1.3964136838912964;1.3584771156311035;1.3252757787704468;1.2922015190124512;1.2621840238571167;1.2356520891189575;1.209165096282959;1.1839929819107056;1.1590982675552368;1.13615882396698;1.1145507097244263;1.0945286750793457;1.0718854665756226;1.054681658744812;1.0327990055084229;1.0166425704956055;0.9983178973197937;0.9804518222808838;0.9664382338523865;0.9506391882896423;0.9357498288154602;0.9218340516090393;0.9077402949333191;0.8935942053794861;0.8818752765655518;0.8648579120635986;0.8568863272666931;0.8425993919372559;0.8328152298927307;0.8214724063873291;0.8088365793228149;0.7973870635032654;0.7857688665390015;0.7771399021148682;0.7678616046905518;0.7586649060249329;0.7477297782897949;0.7382837533950806;0.7290908694267273;0.7189416885375977;0.7106308937072754;0.7037732005119324;0.6954113245010376;0.6864286661148071;0.678833544254303;0.6694478392601013;0.6632102727890015;0.6554747223854065;0.6467323303222656;0.639694094657898;0.6293857097625732;0.6241400241851807;0.6191892623901367;0.6108295917510986;0.6042280793190002;0.5953701734542847;0.5913264751434326;0.5834323167800903;0.5770376324653625;0.5743107795715332;0.5625050663948059;0.558868944644928;0.5501064658164978;0.5474047064781189;0.5390875935554504;0.5340954065322876;0.5288325548171997;0.521545946598053;0.518599271774292;0.5116689801216125;0.5064224600791931;0.5027924180030823;0.49634745717048645;0.4923241436481476;0.4866516590118408;0.47997167706489563;0.47490936517715454;0.46930474042892456;0.4630641043186188;0.4614725112915039;0.45464929938316345;0.44824379682540894;0.4442996680736542;0.4426959753036499;0.43626877665519714;0.43197375535964966;0.428030788898468;0.4220310151576996;0.41891321539878845;0.4137817919254303;0.4103621244430542;0.403634637594223;0.40051910281181335;0.3969647288322449;0.3925057351589203;0.38965150713920593;0.38347136974334717;0.3795185387134552;0.37621358036994934;0.3734888732433319;0.36710822582244873;0.3653661906719208;0.3605596423149109;0.35675767064094543;0.3523120880126953;0.3505580723285675;0.34518057107925415;0.3422497510910034;0.33733999729156494;0.3332599997520447;0.33252716064453125;0.32686862349510193;0.3251543343067169;0.3196289539337158;0.31763845682144165;0.31203755736351013;0.31037506461143494;0.30683633685112;0.302720844745636;0.3008562922477722;0.2961999773979187;0.29333317279815674;0.2911814749240875;0.286178857088089;0.2837100327014923;0.2813865542411804;0.2756887376308441;0.2738533318042755;0.26970595121383667;0.2685422897338867;0.2656828463077545;0.26170650124549866;0.25960296392440796;0.25527918338775635;0.2542285919189453;0.24940691888332367;0.24782724678516388;0.24454143643379211;0.2405831664800644;0.23976704478263855
resnet50_conv5_last_block_Trainable_lr1e-6 fold_1;2.033128023147583;1.9276165962219238;1.8366851806640625;1.756881833076477;1.6863771677017212;1.621080756187439;1.563361644744873;1.510671615600586;1.4601832628250122;1.417929768562317;1.3760745525360107;1.3397525548934937;1.303637146949768;1.2696478366851807;1.2409467697143555;1.210563063621521;1.1825830936431885;1.1574757099151611;1.1330617666244507;1.1109659671783447;1.0856335163116455;1.0666929483413696;1.043649435043335;1.028083324432373;1.0094637870788574;0.9900429248809814;0.9741052985191345;0.9562528729438782;0.9408904910087585;0.9267181754112244;0.9102556705474854;0.8963997960090637;0.8833901286125183;0.8684012293815613;0.8573107719421387;0.8447085618972778;0.8324058651924133;0.8213681578636169;0.8078185319900513;0.7967051267623901;0.7878643870353699;0.7760848999023438;0.764729917049408;0.7569894194602966;0.7450230121612549;0.7382922768592834;0.7290502190589905;0.7191473245620728;0.7109622359275818;0.6998083591461182;0.692901611328125;0.6852920055389404;0.6775671243667603;0.6701696515083313;0.6590663194656372;0.6505244374275208;0.6443779468536377;0.6367795467376709;0.6294856071472168;0.622036337852478;0.6147298812866211;0.6093600392341614;0.5999240875244141;0.5947597622871399;0.5859504342079163;0.5796799063682556;0.5735701322555542;0.5689232349395752;0.5597494840621948;0.5564279556274414;0.5490508675575256;0.54566890001297;0.5369908809661865;0.5317583084106445;0.5259467959403992;0.5192983746528625;0.5140685439109802;0.5088356733322144;0.5028576254844666;0.4969286322593689;0.4927690923213959;0.4861854612827301;0.48197415471076965;0.4802708029747009;0.4717510938644409;0.46597281098365784;0.46242454648017883;0.4564090967178345;0.4517451822757721;0.447675883769989;0.44562801718711853;0.43740686774253845;0.4351607859134674;0.42797476053237915;0.42699965834617615;0.41967853903770447;0.41457316279411316;0.4121083915233612;0.4065936803817749;0.402910053730011;0.3977988064289093;0.3925996720790863;0.38992202281951904;0.3845086395740509;0.379825234413147;0.3750186562538147;0.3724300265312195;0.36728161573410034;0.36650577187538147;0.36217033863067627;0.3576062023639679;0.35210517048835754;0.35083281993865967;0.34521496295928955;0.3437589108943939;0.3398778438568115;0.3335658609867096;0.3318389356136322;0.3290051817893982;0.3256883919239044;0.31888318061828613;0.3183557689189911;0.3150674104690552;0.3083513081073761;0.3062467873096466;0.30503201484680176;0.30036380887031555;0.2964993119239807;0.29406049847602844;0.29079270362854004;0.2865701913833618;0.28410300612449646;0.28026798367500305;0.2761159837245941;0.2759886384010315;0.2699827253818512;0.2680828869342804;0.26569974422454834;0.2638014256954193;0.25811976194381714;0.2553695738315582;0.2532605528831482;0.24888591468334198;0.24768926203250885;0.24164043366909027;0.23988381028175354;0.23915334045886993;0.23611345887184143;0.23295287787914276;0.22891192138195038
resnet50_conv5_last_block_Trainable_lr1e-6 fold_2;2.19742488861084;2.061220169067383;1.9408468008041382;1.8397011756896973;1.75044846534729;1.6742159128189087;1.6078892946243286;1.5483040809631348;1.4944359064102173;1.4476354122161865;1.4027302265167236;1.3643271923065186;1.32938551902771;1.2955242395401;1.2637702226638794;1.2338244915008545;1.2067413330078125;1.180493950843811;1.1547459363937378;1.1311765909194946;1.1087085008621216;1.0868691205978394;1.0684739351272583;1.0486327409744263;1.0280723571777344;1.0109896659851074;0.996475875377655;0.9776016473770142;0.9609237313270569;0.9443948268890381;0.9310381412506104;0.9161185026168823;0.9045901894569397;0.8893185257911682;0.8751914501190186;0.8627877235412598;0.8505309820175171;0.8408780097961426;0.8256033658981323;0.8124921917915344;0.8051217794418335;0.7926628589630127;0.7844997048377991;0.772068440914154;0.7620798945426941;0.7540237307548523;0.7440460920333862;0.7326970100402832;0.7220843434333801;0.7184703350067139;0.7064927816390991;0.6987627148628235;0.6897990703582764;0.6794300079345703;0.6721193790435791;0.6654133200645447;0.6550970077514648;0.648800790309906;0.6406946778297424;0.6349812746047974;0.6266323924064636;0.6174258589744568;0.6128693222999573;0.6056671142578125;0.599052906036377;0.5917114615440369;0.5836456418037415;0.578463613986969;0.5703974962234497;0.5649383664131165;0.5581699013710022;0.5520490407943726;0.5458682179450989;0.5419729948043823;0.5356466174125671;0.5305188298225403;0.5247496962547302;0.5169839262962341;0.5125877857208252;0.5059099793434143;0.5038032531738281;0.49290671944618225;0.4902496635913849;0.4844149053096771;0.47937917709350586;0.4741285741329193;0.4680576026439667;0.4635383188724518;0.4591924250125885;0.45610275864601135;0.44762885570526123;0.4466182291507721;0.43928828835487366;0.4343765676021576;0.42864683270454407;0.42574790120124817;0.42128944396972656;0.41741234064102173;0.4148177206516266;0.40751680731773376;0.4015495777130127;0.39835885167121887;0.3938494920730591;0.3913032114505768;0.384988933801651;0.3839254677295685;0.37892624735832214;0.3754025995731354;0.3714400827884674;0.3618493676185608;0.3625323176383972;0.3596024513244629;0.35136523842811584;0.3501986563205719;0.3463020622730255;0.34038597345352173;0.33850231766700745;0.33451592922210693;0.33165425062179565;0.3278258740901947;0.3253028988838196;0.32161709666252136;0.3184073567390442;0.31517404317855835;0.3096511960029602;0.30718573927879333;0.30434340238571167;0.3010700047016144;0.29906103014945984;0.2952057719230652;0.2890603244304657;0.28625762462615967;0.2840752601623535;0.28086990118026733;0.2783444821834564;0.27383697032928467;0.2713359594345093;0.26799097657203674;0.267483115196228;0.26253432035446167;0.2598107159137726;0.25534775853157043;0.2560133934020996;0.25081655383110046;0.24815407395362854;0.2425748109817505;0.2418447583913803;0.23961389064788818;0.237039715051651;0.23278771340847015
resnet50_conv5_last_block_Trainable_lr1e-6 fold_3;2.423027992248535;2.2539851665496826;2.1065258979797363;1.977209210395813;1.8634979724884033;1.7638134956359863;1.675967812538147;1.598897099494934;1.5314677953720093;1.4728111028671265;1.419539213180542;1.3744103908538818;1.3330703973770142;1.2960821390151978;1.2598907947540283;1.2264063358306885;1.1956247091293335;1.1671820878982544;1.1425448656082153;1.1128413677215576;1.0914751291275024;1.0659953355789185;1.043731451034546;1.0247492790222168;1.0036877393722534;0.9830986261367798;0.966746985912323;0.947975754737854;0.9288493394851685;0.9138767719268799;0.8971318602561951;0.8822594285011292;0.8678619265556335;0.8566672205924988;0.8386960625648499;0.8251489400863647;0.8148467540740967;0.8013315200805664;0.7918117046356201;0.7786750197410583;0.7648025155067444;0.7528234124183655;0.7418445944786072;0.7316732406616211;0.7223234176635742;0.712753176689148;0.7030871510505676;0.6902877688407898;0.6855962872505188;0.6727116107940674;0.6665778160095215;0.6567593216896057;0.6485440135002136;0.6402562856674194;0.6322855949401855;0.6229398846626282;0.6150492429733276;0.6087762117385864;0.6024016737937927;0.5928072929382324;0.5878047347068787;0.5791077613830566;0.5749444961547852;0.5636559128761292;0.5576069355010986;0.5514525771141052;0.5450487732887268;0.5387775301933289;0.5312016010284424;0.5268612504005432;0.5213869214057922;0.5147220492362976;0.507863461971283;0.5042096972465515;0.49738314747810364;0.4907207489013672;0.4842243194580078;0.48105424642562866;0.473010390996933;0.46790140867233276;0.4632173180580139;0.45781347155570984;0.4522770047187805;0.4469970762729645;0.4441757798194885;0.43726271390914917;0.43400511145591736;0.42884954810142517;0.423046737909317;0.4175167381763458;0.4144897758960724;0.4092497229576111;0.40684887766838074;0.3992875814437866;0.3951024115085602;0.39045000076293945;0.3865106403827667;0.38470658659935;0.37794896960258484;0.3739072382450104;0.37070026993751526;0.36725327372550964;0.360801100730896;0.35734134912490845;0.3546227514743805;0.34920719265937805;0.34589648246765137;0.3439152240753174;0.33932796120643616;0.33699798583984375;0.32822492718696594;0.32814329862594604;0.3243480920791626;0.3188816010951996;0.3145720064640045;0.31379666924476624;0.3094545602798462;0.3037750720977783;0.3028911352157593;0.29949042201042175;0.29386019706726074;0.29153770208358765;0.2901073098182678;0.2853839099407196;0.2816604971885681;0.2796727418899536;0.2755715548992157;0.272615522146225;0.2692578136920929;0.26660650968551636;0.263154536485672;0.2594735026359558;0.25532761216163635;0.25542017817497253;0.25170403718948364;0.25079458951950073;0.24576444923877716;0.24216413497924805;0.24077826738357544;0.2371654063463211;0.23236876726150513;0.23078641295433044;0.22926655411720276;0.2243541032075882;0.2244309037923813;0.21840576827526093;0.21820515394210815;0.21533417701721191;0.21178829669952393;0.21010799705982208
resnet50_conv5_last_block_Trainable_lr1e-6 fold_4;2.1394295692443848;1.9935956001281738;1.8732346296310425;1.769126057624817;1.6816438436508179;1.606656551361084;1.5418612957000732;1.4837241172790527;1.4306485652923584;1.3841136693954468;1.3426018953323364;1.3029648065567017;1.2671902179718018;1.2339754104614258;1.2029879093170166;1.1737403869628906;1.1469975709915161;1.12089204788208;1.0964714288711548;1.0750937461853027;1.0514132976531982;1.0327327251434326;1.0119919776916504;0.9924023151397705;0.9753004312515259;0.9548706412315369;0.9378004670143127;0.9225742220878601;0.9052183628082275;0.8918176293373108;0.8767883777618408;0.8636654019355774;0.850013017654419;0.83320552110672;0.8225753903388977;0.8094962239265442;0.796980082988739;0.7841660976409912;0.7744928002357483;0.7613306045532227;0.7489868402481079;0.7373203635215759;0.7282805442810059;0.7165570855140686;0.7106454372406006;0.7000167369842529;0.6895580291748047;0.6808246374130249;0.670365035533905;0.6621602177619934;0.6519145369529724;0.6440572738647461;0.6352245807647705;0.6273409724235535;0.6189262270927429;0.6113778352737427;0.6057959198951721;0.5936601161956787;0.5879809856414795;0.5822904109954834;0.5740620493888855;0.566306471824646;0.5603470206260681;0.5534069538116455;0.547106146812439;0.5378451347351074;0.5346853137016296;0.5272608995437622;0.5180460810661316;0.5122323036193848;0.5071288347244263;0.49972450733184814;0.4933653175830841;0.4894992411136627;0.48494210839271545;0.4775239825248718;0.4691327214241028;0.46486300230026245;0.4612972140312195;0.4552179276943207;0.45270273089408875;0.44458967447280884;0.4394363760948181;0.43352043628692627;0.4289621114730835;0.4247468411922455;0.41916704177856445;0.41428548097610474;0.4092458188533783;0.4044492840766907;0.39909663796424866;0.39573079347610474;0.392439067363739;0.3852800130844116;0.3834179937839508;0.37973523139953613;0.375199556350708;0.3674096167087555;0.3649607300758362;0.3633417785167694;0.35535791516304016;0.3511824607849121;0.3495465815067291;0.34367719292640686;0.33832645416259766;0.33694982528686523;0.33284440636634827;0.3294772803783417;0.32327672839164734;0.32114261388778687;0.3164249658584595;0.31285759806632996;0.3094741404056549;0.3060806393623352;0.3009749948978424;0.2951771914958954;0.29556167125701904;0.29156723618507385;0.28644582629203796;0.2858250141143799;0.28079289197921753;0.27732428908348083;0.2748962342739105;0.26827487349510193;0.26734232902526855;0.2646026611328125;0.2607455253601074;0.2595726549625397;0.25577881932258606;0.2531667649745941;0.24993419647216797;0.24576567113399506;0.24248071014881134;0.23980684578418732;0.23523975908756256;0.2343858778476715;0.23058803379535675;0.22880834341049194;0.22668063640594482;0.22215156257152557;0.2206074595451355;0.21534597873687744;0.21629084646701813;0.21120569109916687;0.20980502665042877;0.20417800545692444;0.20389366149902344;0.2012454867362976;0.19791197776794434;0.19688047468662262
